index,published,topic,term,domain,language,valid,de,title,description,en,la,url,image,archive,content,quote,added,feed,country,ipcc,continent
4740ad8ee882b402438a226ea46762e3,2026-01-02T10:19:19Z,Snow&Ice,Schnee Deutschland,www.n-tv.de,de,0.8,"Wetterchaos zum Jahresbeginn: Tief Tizian schneit Deutschland ein. In weiten Teilen Deutschlands fällt gerade Schnee - örtlich sogar so viel, dass die Straßen dicht sind. Lastwagen stecken fest, die Räumdienste haben alle Hände voll zu tun. Meteorologen warnen zudem vor Glätte und Orkanböen.",Wetterchaos zum Jahresbeginn: Tief Tizian schneit Deutschland ein,"In weiten Teilen Deutschlands fällt gerade Schnee - örtlich sogar so viel, dass die Straßen dicht sind. Lastwagen stecken fest, die Räumdienste haben alle Hände voll zu tun. Meteorologen warnen zudem vor Glätte und Orkanböen.",Weather chaos at the beginning of the year: Germany is covered in deep Tizian snow. Snow is currently falling in large parts of Germany - in some places so much that the roads are closed. Trucks are stuck and the clearing services have their hands full. Meteorologists also warn of slippery conditions and hurricane-force winds.,Tempestas chaos in initio anni: Germania in altis Tizian nive tegitur. Nix in magnis Germaniae partibus nunc cadit - in aliquibus locis tam clausae sunt viae. Aliquet fixa manus plenas habent officia et defensionem. Etiam astrologi monent conditiones lubricas et ventorum vim ventorum.,https://www.n-tv.de/panorama/Tief-Tizian-schneit-Deutschland-ein-id30195832.html,https://www.n-tv.de/img/30195993/1767350735/Img_16_9/1200/Wintereinbruch-mit-starkem-Schneefall-ganz-Hamburg-ist-weiss-Autoverkehr-morgens-um-7-30-Uhr-am-Ballindamm-Flockenwirbel-Hamburg-2-Januar-2026-Deutschland-Hamburg-2.jpg,,"In weiten Teilen Deutschlands fällt gerade Schnee - örtlich sogar so viel, dass die Straßen dicht sind. Lastwagen stecken fest, die Räumdienste haben alle Hände voll zu tun. Meteorologen warnen zudem… [+2476 chars]",,2026-01-05 05:24:06+00:00,wmo,Germany,WCE,Europe
e678a6af7654869dd0e40ff707f62337,2026-01-02T22:08:49Z,Snow&Ice,Schnee Italien,www.bild.de,de,0.8,3 Tote durch Lawinen an einem Tag - Deutsche stirbt auf Ski-Tour in Italien. Drei Menschen sterben in den Bergen Norditaliens. Unter den Opfern ist auch eine Deutsche. Sie wurde während einer Ski-Tour von den Schneemasse erfasst.,3 Tote durch Lawinen an einem Tag - Deutsche stirbt auf Ski-Tour in Italien,Drei Menschen sterben in den Bergen Norditaliens. Unter den Opfern ist auch eine Deutsche. Sie wurde während einer Ski-Tour von den Schneemasse erfasst.,3 deaths from avalanches in one day - German dies on ski tour in Italy. Three people die in the mountains of northern Italy. There is also a German woman among the victims. She was caught in the snow during a ski tour.,3 In uno die mortem avalanches - German dies in ski tour in Italia. In montibus Italiae septentrionalis tres moriuntur. Est etiam inter victimas femina Germana. Capta est in nive per ski pretium.,https://www.bild.de/news/ausland/3-tote-durch-lawinen-an-einem-tag-deutsche-stirbt-auf-ski-tour-in-italien-69582d2381680a084cde38b4,"https://images.bild.de/69582d2381680a084cde38b4/0788c3f26e5767f8926a7ed3d7327f79,afada376?w=1280",,Mailand Drei Menschen sind am Freitag in den Bergen Norditaliens durch Lawinenabgänge tödlich verunglückt. Unter den Opfern ist auch eine Deutsche. Sie wurde während einer Ski-Tour von den Schneemass… [+1257 chars],,2026-01-05 16:59:18+00:00,wmo,Italy,MED,Europe
9a33cebcb7b05fe563ae0facfb331536,2026-01-02T15:11:29Z,Snow&Ice,Lawinenabgang,www.zeit.de,de,0.9,Unglück in den Bergen: Ein Toter und zwei Verletzte nach Lawinenabgang in Italien. Hier finden Sie Informationen zu dem Thema „Unglück in den Bergen“. Lesen Sie jetzt „Ein Toter und zwei Verletzte nach Lawinenabgang in Italien“.,Unglück in den Bergen: Ein Toter und zwei Verletzte nach Lawinenabgang in Italien,Hier finden Sie Informationen zu dem Thema „Unglück in den Bergen“. Lesen Sie jetzt „Ein Toter und zwei Verletzte nach Lawinenabgang in Italien“.,Accident in the mountains: One dead and two injured after an avalanche in Italy. Here you will find information on the topic of “Disaster in the Mountains”. Now read “One dead and two injured after avalanche in Italy”.,"Accidens in montibus: Unus mortuus et duo vulnerati post montem cadentem in Italia. Hic informationes invenies in argumento ""cladis in montibus"". Nunc legitur ""Unus mortuus et duo vulnerati post montem cadentem in Italia"".",https://www.zeit.de/news/2026-01/02/ein-toter-und-zwei-verletzte-nach-lawinenabgang-in-italien,https://img.zeit.de/news/2026-01/02/ein-toter-und-zwei-verletzte-nach-lawinenabgang-in-italien-image-group/wide__1300x731,,"Bei einem Lawinenabgang in Norditalien ist ein Tourengeher ums Leben gekommen. Zwei weitere seien verletzt worden, teilte die italienische Bergwacht mit. Insgesamt vier Tourengeher waren ersten Erken… [+352 chars]",,2026-01-05 16:59:18+00:00,wmo,Switzerland,WCE,Europe
702565c1fa92a1758871b8b6582cf34a,2026-01-02T15:11:29Z,Snow&Ice,Lawinenabgang,www.stern.de,de,0.9,"Unglück in den Bergen: Ein Toter und zwei Verletzte nach Lawinenabgang in Italien. In Norditalien an der Grenze zu Frankreich werden vier Bergsteiger von einer Lawine überrascht. Einer von ihnen kommt ums Leben, zwei weitere werden verletzt.",Unglück in den Bergen: Ein Toter und zwei Verletzte nach Lawinenabgang in Italien,"In Norditalien an der Grenze zu Frankreich werden vier Bergsteiger von einer Lawine überrascht. Einer von ihnen kommt ums Leben, zwei weitere werden verletzt.",Accident in the mountains: One dead and two injured after an avalanche in Italy. Four mountaineers are surprised by an avalanche in northern Italy on the border with France. One of them dies and two others are injured.,Accidens in montibus: Unus mortuus et duo vulnerati post montem cadentem in Italia. Quattuor montani a montem cadentem in Italia septentrionali in confinio Galliae mirantur. Eorum unus moritur et duo alii laeduntur.,https://www.stern.de/panorama/unglueck-in-den-bergen--ein-toter-und-zwei-verletzte-nach-lawinenabgang-in-italien-37006330.html,https://image.stern.de/37006332/t/T6/v1/w1440/r1.7778/-/02--oetzobi5s2v10axs2048jpeg---ea0fe19e0437d1b2.jpg,,"Kopiere den aktuellen Link
Zur Merkliste hinzufügen
In Norditalien an der Grenze zu Frankreich werden vier Bergsteiger von einer Lawine überrascht. Einer von ihnen kommt ums Leben, zwei weitere wer… [+526 chars]",,2026-01-05 16:59:18+00:00,wmo,Switzerland,WCE,Europe
4624a38db5541061b31741dcfb0bab28,2026-01-02T15:12:25Z,Snow&Ice,Lawinenabgang,www.tagesspiegel.de,de,0.9,"Unglück in den Bergen: Ein Toter und zwei Verletzte nach Lawinenabgang in Italien. In Norditalien an der Grenze zu Frankreich werden vier Bergsteiger von einer Lawine überrascht. Einer von ihnen kommt ums Leben, zwei weitere werden verletzt.",Unglück in den Bergen: Ein Toter und zwei Verletzte nach Lawinenabgang in Italien,"In Norditalien an der Grenze zu Frankreich werden vier Bergsteiger von einer Lawine überrascht. Einer von ihnen kommt ums Leben, zwei weitere werden verletzt.",Accident in the mountains: One dead and two injured after an avalanche in Italy. Four mountaineers are surprised by an avalanche in northern Italy on the border with France. One of them dies and two others are injured.,Accidens in montibus: Unus mortuus et duo vulnerati post montem cadentem in Italia. Quattuor montani a montem cadentem in Italia septentrionali in confinio Galliae mirantur. Eorum unus moritur et duo alii laeduntur.,https://www.tagesspiegel.de/gesellschaft/panorama/ungluck-in-den-bergen-ein-toter-und-zwei-verletzte-nach-lawinenabgang-in-italien-15097321.html,https://www.tagesspiegel.de/images/15097320/alternates/BASE_16_9_W1400/1767366745000/bergwacht-in-italien.jpeg,,"Bei einem Lawinenabgang in Norditalien ist ein Tourengeher ums Leben gekommen. Zwei weitere seien verletzt worden, teilte die italienische Bergwacht mit. Insgesamt vier Tourengeher waren ersten Erken… [+406 chars]",,2026-01-05 16:59:18+00:00,wmo,Switzerland,WCE,Europe
8dedf46765ed569f77236af3c9076a89,2026-01-02T15:46:00Z,Storm,Sturmflut Deutschland,www.stern.de,de,0.8,"Der Winter ist da: Deutschland schneit ein: Wetterkarten zeigen die Lage in Echtzeit. Das Wetter ist zum Jahreswechsel umgeschlagen: In ganz Deutschland schneit es. Im Norden gibt es eine Sturmflut. Wie sich die Lage entwickelt, zeigen interaktive Karten.",Der Winter ist da: Deutschland schneit ein: Wetterkarten zeigen die Lage in Echtzeit,"Das Wetter ist zum Jahreswechsel umgeschlagen: In ganz Deutschland schneit es. Im Norden gibt es eine Sturmflut. Wie sich die Lage entwickelt, zeigen interaktive Karten.",Winter is here: Germany is snowing: weather maps show the situation in real time. The weather has changed at the turn of the year: it is snowing all over Germany. There is a storm surge in the north. Interactive maps show how the situation is developing.,Hiems adest: Germania ninguit: tabulae tempestatum in reali tempore condicionem ostendunt. Tempestas mutata est in tractu anni: tota Germania ninguit. Est impetus tempestatis ad aquilonem. Tabulae interactivas ostendunt quomodo se res enucleet.,https://www.stern.de/panorama/wetter/wetter-in-deutschland--live-karten-zeigen--wo-schneesturm-droht-37004664.html,https://image.stern.de/37005690/t/H7/v2/w1440/r1.7778/-/wetter-schneesturm-deutschland.jpg,,"Kopiere den aktuellen Link
Zur Merkliste hinzufügen
Das Wetter ist zum Jahreswechsel umgeschlagen: In ganz Deutschland schneit es. Im Norden gibt es eine Sturmflut. Wie sich die Lage entwickelt, ze… [+2223 chars]",,2026-01-09 05:03:40+00:00,wmo,Germany,WCE,Europe
b3efd12ea4d6efaadcb7a3abcef57f6b,2026-01-05T11:32:06Z,Storm,Sturm Deutschland,www.focus.de,de,0.8,"Schneefall, Schneeverwehungen, Glatteis, Orkan! Hier wird ""Elli"" gefährlich. Viel Neuschnee, Schneeverwehungen und Glatteis: Sturmtief ""Elli"" steuert auf Deutschland zu. Gefährlich wird es laut Experten ab der Nacht zum Freitag. Alle Entwicklungen im Ticker.","Schneefall, Schneeverwehungen, Glatteis, Orkan! Hier wird ""Elli"" gefährlich","Viel Neuschnee, Schneeverwehungen und Glatteis: Sturmtief ""Elli"" steuert auf Deutschland zu. Gefährlich wird es laut Experten ab der Nacht zum Freitag. Alle Entwicklungen im Ticker.","Snowfall, snowdrifts, black ice, hurricane! This is where “Elli” becomes dangerous. Lots of fresh snow, snowdrifts and black ice: Storm “Elli” is heading towards Germany. According to experts, it will become dangerous from Friday night. All developments in the ticker.","Nix, nix, glacies, turbo! Hoc est ubi ""Elli"" periculosum fit. Sortes nix novas, nives et glaciem nigram: Tempestas ""Elli"" versus Germaniam tendit. Secundum peritos, nox Veneris periculosa fiet. Omnes explicationes in ticker.",https://www.focus.de/panorama/welt/schneefall-schneeverwehungen-glatteis-orkan-hier-wird-elli-gefaehrlich_159ec6ff-9a8a-43e3-a340-60d79e2b06d8.html,https://quadro.burda-forward.de/ctf/149f905f-9dc6-49c2-a251-e6e5fdd1360c.affa9adb-6a34-4d5f-8ed8-e5f9916f2a1d.jpeg?im=RegionOfInterestCrop%3D%281200%2C630%29%2CregionOfInterest%3D%28936%2C646%29&hash=407ae5c32a88ceb4d10766522aeb071a42de2352e54afda728bae8a3d0e1067b,,"Starker Schneefall, Schneeverwehungen, Glatteis, Orkan! Hier wird es besonders gefährlich
Der Wetterdienst warnt in weiten Teilen Deutschlands mit der Alarmstufe Rot. Diese zieht sich vom äußersten … [+62175 chars]",,2026-01-09 05:03:40+00:00,wmo,Germany,WCE,Europe
d1b5faa19c7ed18b6ea8bf8e7ecaaf56,2026-01-05T07:12:53Z,Snow&Ice,Eis Deutschland,www.bild.de,de,0.8,"Eisregen, Rutschgefahr - Diese Woche führt uns der Winter aufs Glatteis. In Deutschland droht Eisregen. In vielen Bundesländern wird es gefährlich. Wie sich das Wetter in dieser Woche ändern soll.","Eisregen, Rutschgefahr - Diese Woche führt uns der Winter aufs Glatteis",In Deutschland droht Eisregen. In vielen Bundesländern wird es gefährlich. Wie sich das Wetter in dieser Woche ändern soll.,"Freezing rain, danger of slipping - this week winter is taking us onto black ice. There is a threat of freezing rain in Germany. It is becoming dangerous in many federal states. How the weather is expected to change this week.","Imber glacians, periculum labitur - Hac hebdomade hiems nos in glaciem nigram accipit. Minas pluviae in Germania est. Periculosum fit in multis civitatibus foederatis. Tempestas quomodo expectatur hac septimana mutare.",https://www.bild.de/news/wetter/eisregen-rutschgefahr-diese-woche-fuehrt-uns-der-winter-aufs-glatteis-695a9064f6fc544dba9bc38a,"https://images.bild.de/695a9064f6fc544dba9bc38a/b9b713086cad7900dd4e2ea72f73aaca,daa63e2f?w=1280",,"Frankfurt/Main Aus dem Wintermärchen wird in dieser Woche eine Rutschpartie. Denn in vielen Bundesländern soll es spiegelglatt werden. Auch Eisregen droht und im Norden soll es Schnee geben.
Ein tra… [+2606 chars]",,2026-01-09 20:55:35+00:00,wmo,Germany,WCE,Europe
f4f84384b2d47ff9bfe24d2f7258c4bc,2026-01-06T05:23:00Z,Snow&Ice,Deutschland friert,www.stern.de,de,0.8,"Der Winter ist da: Wetterkarten zeigen, wo es in Deutschland besonders frostig und glatt ist. Seit dem Jahreswechsel ist es winterlich in Deutschland. Es schneit und friert. Wie sich die Lage entwickelt und welche Regionen besonders betroffen sind, zeigen interaktive Karten.","Der Winter ist da: Wetterkarten zeigen, wo es in Deutschland besonders frostig und glatt ist","Seit dem Jahreswechsel ist es winterlich in Deutschland. Es schneit und friert. Wie sich die Lage entwickelt und welche Regionen besonders betroffen sind, zeigen interaktive Karten.",Winter is here: weather maps show where it is particularly frosty and slippery in Germany. It's been wintery in Germany since the turn of the year. It's snowing and freezing. Interactive maps show how the situation is developing and which regions are particularly affected.,Hiems adest: tabulae tempestatum ostendunt ubi maxime gelida et lubrica in Germania sunt. Ab anno vertente in Germania hiemalis fuit. Ninguit et rigens. Tabulae interactivae ostendunt quomodo status crescat et quae regiones praecipue afficiuntur.,https://www.stern.de/panorama/wetter/wetter-in-deutschland--live-karten-zeigen--wo-es-glatt-und-frostig-ist-37004664.html,https://image.stern.de/37013288/t/zu/v1/w1440/r1.7778/-/wetter-in-deutschland.jpg,,"Kopiere den aktuellen Link
Zur Merkliste hinzufügen
Seit dem Jahreswechsel ist es winterlich in Deutschland. Es schneit und friert. Wie sich die Lage entwickelt und welche Regionen besonders betrof… [+2368 chars]",,2026-01-09 20:55:35+00:00,wmo,Germany,WCE,Europe
9c1bbbe527eb659a0fe3d0e0bea8ab00,2026-01-06T06:58:02Z,Snow&Ice,Deutschland friert,www.n-tv.de,de,0.9,"Bis zu minus 21,7 Grad: Deutschland erlebt eine bitterkalte Frostnacht. Deutschland friert ein: In der Nacht fielen die Temperaturen im Land weit unter die Frostgrenze. Vor allem im Süden und Osten war es bitterkalt. Autofahrer sollten besonders vorsichtig sein. Die Behörden raten, längere Aufenthalte im Freien zu vermeiden.","Bis zu minus 21,7 Grad: Deutschland erlebt eine bitterkalte Frostnacht","Deutschland friert ein: In der Nacht fielen die Temperaturen im Land weit unter die Frostgrenze. Vor allem im Süden und Osten war es bitterkalt. Autofahrer sollten besonders vorsichtig sein. Die Behörden raten, längere Aufenthalte im Freien zu vermeiden.","Up to minus 21.7 degrees: Germany is experiencing a bitterly cold frosty night. Germany is freezing: At night the temperatures in the country fell well below the frost line. It was bitterly cold, especially in the south and east. Drivers should be particularly careful. The authorities advise avoiding prolonged stays outdoors.","Usque ad minus 21.7 gradus: Germania nocte pruina perfrigida experitur. Germania torpore est: Nocte temperaturas in regione bene infra gelu versus cecidit. Acerbe frigus, praesertim in meridie et oriente. Duces diligenter. Auctores monent ut diuturnas manus foris evitent.",https://www.n-tv.de/panorama/Deutschland-erlebt-eine-bitterkalte-Frostnacht-id30206737.html,https://www.n-tv.de/img/30206740/1767685078/Img_16_9/1200/Ein-Paar-laeuft-am-fruehen-Morgen-im-Schneetreiben-durch-die-Innenstadt.jpg,,"Aufenthalte im Freien sollte man bei diesen Temperaturen nach Möglichkeit vermeiden. (Foto: picture alliance/dpa)
Deutschland friert ein: In der Nacht fielen die Temperaturen im Land weit unter die … [+2761 chars]",,2026-01-09 20:55:35+00:00,wmo,Germany,WCE,Europe
e5c9d76400d6b51d7f74a5f497259b34,2026-01-07T15:28:11Z,Storm,Sturm Deutschland,www.focus.de,de,0.9,"Deutschland friert ein: Wetterdienst warnt, Chaos auf der A3. Bis minus 15 Grad und Sturmböen im Anmarsch: In den nächsten Tagen ist weiter mit glatten Straßen und Schneeverwehungen zu rechnen.","Deutschland friert ein: Wetterdienst warnt, Chaos auf der A3",Bis minus 15 Grad und Sturmböen im Anmarsch: In den nächsten Tagen ist weiter mit glatten Straßen und Schneeverwehungen zu rechnen.,"Germany freezes: weather service warns, chaos on the A3. Down to minus 15 degrees and squalls approaching: slippery roads and snowdrifts are expected over the next few days.",Germania coit: ser- mones tempestates: chaos in A3. Usque ad minus 15 gradus et procellis appropinquant: lubricae viae ac niuibus per paucos dies expectantur.,https://www.focus.de/panorama/schnee-fuehrt-zu-glaetteunfaellen-und-verkehrschaos-aber-im-harz-bricht-rodelfieber-aus_3b490da1-bd01-4a6b-8ddc-4e775846303b.html,https://quadro.burda-forward.de/ctf/de67c3fc-0a91-43cf-a000-7a458c6dc2cd.ca0c45a0-7d4d-4e17-8680-aeea9d8198e7.jpeg?im=RegionOfInterestCrop%3D%281200%2C630%29%2CregionOfInterest%3D%28674%2C522%29&hash=940320d05e7f63da2d5a5585cbda78b2321db2c3b888a8b167fc7771972c8aec,,In Nordrhein-Westfalen staut es sich derzeit auf vielen Straßen. Gegen 15 Uhr standen laut WDR auf 480 Kilometern die Fahrzeuge. Damit verdoppelte sich die Länge in nur einer Stunde. Auf vielen Autob… [+191 chars],,2026-01-09 20:55:35+00:00,wmo,Germany,WCE,Europe
08ef79cfbbc8d87302d2f9154c3f0f57,2026-01-08T08:11:27Z,Snow&Ice,Deutschland friert,www.focus.de,de,0.9,"Deutschland friert ein: Tief Elli bringt Glatteis – zwei Tote. Viel Neuschnee, Schneeverwehungen und Glatteis: Ein Sturmtief steuert auf Deutschland zu. Spannend – und turbulent – wird es ab der Nacht zum Freitag. Alle Entwicklungen im Ticker.",Deutschland friert ein: Tief Elli bringt Glatteis – zwei Tote,"Viel Neuschnee, Schneeverwehungen und Glatteis: Ein Sturmtief steuert auf Deutschland zu. Spannend – und turbulent – wird es ab der Nacht zum Freitag. Alle Entwicklungen im Ticker.","Germany freezes: Deep Elli brings black ice - two dead. Lots of fresh snow, snowdrifts and black ice: a storm is heading towards Germany. Things will get exciting – and turbulent – ​​from Friday night onwards. All developments in the ticker.","Germania concrescit: Alta Elli glaciem nigram affert - duo mortui sunt. Multas nives, nives et glaciem nigram: tempestas versus Germaniam est. Excitabit - ac turbulentum - e nocte Veneris. Omnes explicationes in ticker.",https://www.focus.de/panorama/schnee-fuehrt-zu-glaetteunfaellen-und-verkehrschaos-aber-im-harz-bricht-rodelfieber-aus_e01108a5-ee99-4459-a1d5-fb3e0431c739.html,https://quadro.burda-forward.de/ctf/be23d0fe-8147-468a-b0ac-f53a37d83c43.8c1b737a-e608-4597-bdef-d05408c75285.jpeg?im=RegionOfInterestCrop%3D%281200%2C630%29%2CregionOfInterest%3D%281076%2C702%29&hash=f95ae21724b0a02be83a7ecc8e2cdabbabf2d9f9598caf15609c2c638c303514,,"Im Norden fallen Busse und Bahnen aus
9.07 Uhr: Nutzer von Bus und Bahn in Hamburg und Umland können sich heute im öffentlichen Nahverkehr wegen des Wetters auf Verspätungen, verkürzte Linien und Au… [+34172 chars]",,2026-01-09 20:55:35+00:00,wmo,Germany,WCE,Europe
0dfc8de581b30b7bc287e1cf8331eb52,2026-01-08T17:42:20Z,Snow&Ice,Deutschland friert,www.bild.de,de,0.9,"Deutschland bibbert - „Je kälter, umso besser kann ich mich bewegen.“. Frankfurt/Oder/Zittau – Deutschland friert und bibbert. In der Nacht sank das Thermometer mancherorts unter 20 Grad minus. BILD war an zwei besonders eis...","Deutschland bibbert - „Je kälter, umso besser kann ich mich bewegen.“",Frankfurt/Oder/Zittau – Deutschland friert und bibbert. In der Nacht sank das Thermometer mancherorts unter 20 Grad minus. BILD war an zwei besonders eis...,"Germany is shivering - “The colder, the better I can move.” Frankfurt/Oder/Zittau – Germany is freezing and shivering. During the night the thermometer dropped below minus 20 degrees in some places. BILD was particularly fond of two...","Germania horret - ""Frigidior est, eo melius movere possum"". Frankfurt/Oder/Zittau - congelatio et horror est Germania. Noctu thermometrum demittit infra minus 20 gradus in aliquibus locis. BACCHUS erat maxime cupidus duorum...",https://www.bild.de/news/inland/deutschland-bibbert-je-kaelter-es-ist-umso-besser-kann-ich-mich-bewegen-695f8f72b5d38f43be33d4a4,"https://images.bild.de/695f8f72b5d38f43be33d4a4/b1c609ec09e8c52da78d2d3317b14d2a,d08d1f9a?w=1280",,"Frankfurt/Oder/Zittau  Deutschland friert und bibbert. In der Nacht sank das Thermometer mancherorts unter 20 Grad minus. BILD war an zwei besonders eisigen Orten im Osten der Republik unterwegs.
We… [+2312 chars]",,2026-01-09 20:55:35+00:00,wmo,Germany,WCE,Europe
a0384c0ea29b81d8936cc338f46e852b,2026-01-02T10:25:45Z,Storm,Sturm Deutschland,www.tagesschau.de,de,0.8,"Sturm, Schnee und Eis sorgen landesweit für Probleme. Der Winter ist da und hat weite Teile Deutschlands im Griff. Aus vielen Bundesländern werden heftiger Schneefall, Sturm und Eisglätte gemeldet, die ein Verkehrschaos anrichten.","Sturm, Schnee und Eis sorgen landesweit für Probleme","Der Winter ist da und hat weite Teile Deutschlands im Griff. Aus vielen Bundesländern werden heftiger Schneefall, Sturm und Eisglätte gemeldet, die ein Verkehrschaos anrichten.","Storms, snow and ice are causing problems across the country. Winter is here and has large parts of Germany under its control. Heavy snowfall, storms and slippery ice are being reported in many federal states, causing traffic chaos.","Tempestates, nix et glacies difficultates congue faciebant. Hiems adest et magnas partes Germaniae in sua potestate habet. Gravis nix, procellae et glaciei lubricae nuntiantur in multis civitatibus foederatis, chaos negotiationis causantes.",https://www.tagesschau.de/inland/gesellschaft/wintereinbruch-110.html,https://images.tagesschau.de/image/3350f241-8e50-4b49-8468-e70d6155569f/AAABm349ueY/AAABmyZE0EA/16x9-big/winter-256.jpg?width=1280,,"Stand: 02.01.2026 11:25 Uhr
Der Winter ist da und hat weite Teile Deutschlands im Griff. Aus vielen Bundesländern werden heftiger Schneefall, Sturm und Eisglätte gemeldet, die ein Verkehrschaos anri… [+5083 chars]",,2026-01-10 05:00:00+00:00,wmo,Germany,WCE,Europe
d49d710cbcf9f34b540243e743c45f51,2026-01-08T14:31:05Z,Storm,Sturmflut Deutschland,www.tagesspiegel.de,de,0.8,„Elli“ schneit Deutschland ein: Flensburg bereitet sich auf Sturmflut vor – weiteres Bundesliga-Spiel abgesagt. Deutsche Bahn stellt Fernverkehr im Norden ein + Flugverkehr läuft weitgehend normal + DWD erwartet Sonntag „Wintertag aus dem Bilderbuch“ + Der Newsblog.,„Elli“ schneit Deutschland ein: Flensburg bereitet sich auf Sturmflut vor – weiteres Bundesliga-Spiel abgesagt,Deutsche Bahn stellt Fernverkehr im Norden ein + Flugverkehr läuft weitgehend normal + DWD erwartet Sonntag „Wintertag aus dem Bilderbuch“ + Der Newsblog.,“Elli” snows in Germany: Flensburg prepares for storm surge – another Bundesliga game canceled. Deutsche Bahn stops long-distance traffic in the north + Air traffic is largely normal + DWD expects Sunday to be a “picture-book winter day” + The news blog.,"""Elli"" nives in Germania: Flensburgum impetus tempestatis parat - alium Bundesliga ludum cassatum. Deutsche Bahn sistit longum intervallum mercaturae septentrionalis + Aeris mercaturae late normales + DWD exspectat dominicam esse ""imago-librum hiemalem diem"" + News blog.",https://www.tagesspiegel.de/gesellschaft/liveblog/elli-schneit-deutschland-ein-flensburg-bereitet-sich-auf-sturmflut-vor--weiteres-bundesliga-spiel-abgesagt-15116368.html,https://www.tagesspiegel.de/images/15121455/alternates/BASE_16_9_W1400/1767972849000/winterwetter-sturmtief-elli-schleswig-holstein.jpeg,,"DWD erwartet Sonntag Wintertag wie aus dem Bilderbuch
Sturmtief Elli löst sich am Wochenende langsam auf. Am Samstag schneit es  diesmal eher im Süden als im Norden. Am Sonntag erwartet der Deutsche… [+1246 chars]",,2026-01-10 05:00:00+00:00,wmo,Germany,WCE,Europe
37f1099b8527dd30d6bc4b55b07af389,2026-01-08T14:31:05Z,Snow&Ice,Schnee Deutschland,www.tagesspiegel.de,de,0.8,Wintereinbruch in Deutschland: Zwei Dutzend Lkw steckten auf A7 fest – Sturmflut-Warnung an der Ostseeküste. Meteorologen streiten über Ausmaß von „Elli“ + Verkehrsminister mahnt zu Vorsicht + Streusalz wird knapp + Wetterdienst warnt vor starkem Schneefall am Freitag + Der Newsblog.,Wintereinbruch in Deutschland: Zwei Dutzend Lkw steckten auf A7 fest – Sturmflut-Warnung an der Ostseeküste,Meteorologen streiten über Ausmaß von „Elli“ + Verkehrsminister mahnt zu Vorsicht + Streusalz wird knapp + Wetterdienst warnt vor starkem Schneefall am Freitag + Der Newsblog.,Onset of winter in Germany: Two dozen trucks were stuck on the A7 - storm surge warning on the Baltic Sea coast. Meteorologists argue about the extent of “Elli” + Transport Minister urges caution + Road salt is becoming scarce + Weather service warns of heavy snowfall on Friday + The news blog.,"Impetus hiemis in Germania: duae duodenae aliquet in A7 - procellae impetus ad oram maritimam Baltici monuerunt. Meteorologistae disputant de amplitudine ""Elli"" + onerariam minister hortatur cautionem + Via salis vix fit + Tempestas ministerium monet gravis nix Veneris die + Nuntium blog.",https://www.tagesspiegel.de/gesellschaft/liveblog/wintereinbruch-in-deutschland-zwei-dutzend-lkw-steckten-auf-a7-fest--sturmflut-warnung-an-der-ostseekuste-15116368.html,https://www.tagesspiegel.de/images/15118158/alternates/BASE_16_9_W1400/1767941354000/winterwetter-sturmtief-elli-bayern.jpeg,,"Wegen des Winterwetters bleiben die Schulen in ganz Niedersachsen am Freitag für den regulären Schulbetrieb geschlossen. Während es an einigen Schulen Distanzunterricht geben soll, fällt der Unterric… [+743 chars]",,2026-01-10 05:00:00+00:00,wmo,Germany,WCE,Europe
4357177fabd064e53a14adae06d8ceda,2026-01-08T14:31:05Z,Storm,Sturmflut Deutschland,www.tagesspiegel.de,de,0.8,Wintereinbruch in Deutschland: Auto versinkt in Bayern in eisigem Wasser – Sturmflut-Warnung an der Ostseeküste. Verkehrsminister mahnt zu Vorsicht + Streusalz wird knapp + Wetterdienst warnt vor starkem Schneefall am Freitag + Der Newsblog.,Wintereinbruch in Deutschland: Auto versinkt in Bayern in eisigem Wasser – Sturmflut-Warnung an der Ostseeküste,Verkehrsminister mahnt zu Vorsicht + Streusalz wird knapp + Wetterdienst warnt vor starkem Schneefall am Freitag + Der Newsblog.,Onset of winter in Germany: Car sinks in icy water in Bavaria - storm surge warning on the Baltic Sea coast. Transport Minister urges caution + Road salt is becoming scarce + Weather service warns of heavy snowfall on Friday + The news blog.,Impetus hiemis in Germania: Car glacialis aquae in Bavaria - tempestas aestus monitus in oram maris Baltici. Ministri onerariam monet cautelam + Via salis vix fit + Tempestas ministerium monet gravis nix Veneris die + Nuntium blog.,https://www.tagesspiegel.de/gesellschaft/liveblog/wintereinbruch-in-deutschland-auto-versinkt-in-bayern-in-eisigem-wasser--sturmflut-warnung-an-der-ostseekuste-15116368.html,https://www.tagesspiegel.de/images/15117814/alternates/BASE_16_9_W1400/1767911249000/winterwetter-an-der-ostsee.jpeg,,"Wegen des Winterwetters bleiben die Schulen in ganz Niedersachsen am Freitag für den regulären Schulbetrieb geschlossen. Während es an einigen Schulen Distanzunterricht geben soll, fällt der Unterric… [+743 chars]",,2026-01-10 05:00:00+00:00,wmo,Germany,WCE,Europe
1e1df15d0299db72e066363110690cbf,2026-01-08T14:50:00Z,Storm,Sturmflut Deutschland,www.welt.de,de,0.8,Minus 28 Grad in Sachsen ++ Niedersachsen schließt alle Schulen ++ Warnung vor Sturmflut an Ostsee. Das Winterwetter hält Deutschland in Atem: Auf den Straßen kommt es zu schweren Unfällen wegen Glätte. Experten warnen vor lebensgefährlichen Bedingungen. In Sachsen werden minus 28 Grad Celsius gemessen. An der Ostsee wurde Sturmflut-Warnung ausgerufen. Mehr…,Minus 28 Grad in Sachsen ++ Niedersachsen schließt alle Schulen ++ Warnung vor Sturmflut an Ostsee,Das Winterwetter hält Deutschland in Atem: Auf den Straßen kommt es zu schweren Unfällen wegen Glätte. Experten warnen vor lebensgefährlichen Bedingungen. In Sachsen werden minus 28 Grad Celsius gemessen. An der Ostsee wurde Sturmflut-Warnung ausgerufen. Mehr…,Minus 28 degrees in Saxony ++ Lower Saxony closes all schools ++ Warning of storm surge on the Baltic Sea. The winter weather is keeping Germany on tenterhooks: there are serious accidents on the roads due to slippery conditions. Experts warn of life-threatening conditions. The temperature in Saxony is minus 28 degrees Celsius. A storm surge warning has been declared on the Baltic Sea. More…,Minus 28 gradus in Saxonia ++ Saxoniae inferioris scholas omnes claudit ++ Monitum tempestatis in mari Baltico. Tempestas hiemalis Germaniam in tenterhooks custodit: sunt gravia accidentia in viae ob condiciones lubricas. Periti monent conditiones vitae minaces. Temperatura in Saxonia minus 28 gradus Celsius est. Tempestas impetus impetus in Mare Balthicum declaratus est. Plus…,https://www.welt.de/vermischtes/article695f75414d1d5f581eeaf7a3/unwetterwarnung-minus-28-grad-in-sachsen-niedersachsen-schliesst-alle-schulen-warnung-vor-sturmflut-an-ostsee-schneesturm-im-liveticker.html,https://images.welt.de/695f75414d1d5f581eeaf7a3/0adf4cacda7d7c0bb54694ab5bfcee69/ci16x9-w1200/dpa-com-20090101-260108-911-018578-jpg,,Das Winterwetter hält Deutschland in Atem: Auf den Straßen kommt es zu schweren Unfällen wegen Glätte. Experten warnen vor lebensgefährlichen Bedingungen. In Sachsen werden minus 28 Grad Celsius geme… [+14274 chars],,2026-01-10 05:00:00+00:00,wmo,Germany,WCE,Europe
ee06d7a4cd2e4fca7f813862858209a0,2026-01-09T00:43:00Z,Storm,Sturmflut Deutschland,www.welt.de,de,0.8,„Da kommt was auf uns zu“ – Mehrere Bundesländer schließen alle Schulen – Sturmflut-Alarm an Ostsee. Das Winterwetter hält Deutschland in Atem: Auf den Straßen kommt es zu schweren Unfällen wegen Glätte. Experten warnen vor lebensgefährlichen Bedingungen. In Sachsen werden minus 28 Grad Celsius gemessen. An der Ostsee wurde Sturmflut-Warnung ausgerufen. Mehr…,„Da kommt was auf uns zu“ – Mehrere Bundesländer schließen alle Schulen – Sturmflut-Alarm an Ostsee,Das Winterwetter hält Deutschland in Atem: Auf den Straßen kommt es zu schweren Unfällen wegen Glätte. Experten warnen vor lebensgefährlichen Bedingungen. In Sachsen werden minus 28 Grad Celsius gemessen. An der Ostsee wurde Sturmflut-Warnung ausgerufen. Mehr…,“Something is coming to us” – Several federal states are closing all schools – Storm surge alarm on the Baltic Sea. The winter weather is keeping Germany on tenterhooks: there are serious accidents on the roads due to slippery conditions. Experts warn of life-threatening conditions. The temperature in Saxony is minus 28 degrees Celsius. A storm surge warning has been declared on the Baltic Sea. More…,“Aliquid ad nos venit” – Plures civitates foederati omnes scholas claudunt – Tempestas terror in Mare Balthicum ascendit. Tempestas hiemalis Germaniam in tenterhooks custodit: sunt gravia accidentia in viae ob condiciones lubricas. Periti monent conditiones vitae minaces. Temperatura in Saxonia minus 28 gradus Celsius est. Tempestas impetus impetus in Mare Balthicum declaratus est. Plus…,https://www.welt.de/vermischtes/article695f75414d1d5f581eeaf7a3/warnung-vor-starkem-schneefall-da-kommt-was-auf-uns-zu-bundeslaender-schliessen-schulen-sturmflut-alarm-an-ostsee-schneesturm-im-liveticker.html,https://images.welt.de/695f75414d1d5f581eeaf7a3/5c0e3351e3b66b7d3b6f1e0704591cbf/ci16x9-w1200/dpa-com-20090101-260108-911-006589-jpg,,Das Winterwetter hält Deutschland in Atem: Auf den Straßen kommt es zu schweren Unfällen wegen Glätte. Experten warnen vor lebensgefährlichen Bedingungen. In Sachsen werden minus 28 Grad Celsius geme… [+18713 chars],,2026-01-10 05:00:00+00:00,wmo,Germany,WCE,Europe
a4de314044baba565c1539e4d774867a,2026-01-09T05:05:00Z,Storm,Sturm Deutschland,www.welt.de,de,0.8,DWD erwartet 20 Zentimeter Neuschnee – Autofahrer sollen zu Hause bleiben – DB hebt Zugbindung auf. Das Winterwetter hält Deutschland in Atem: Experten warnen vor lebensgefährlichen Bedingungen. In vielen Ländern fallen die Schulen aus. In Sachsen werden minus 28 Grad Celsius gemessen. An der Ostsee wurde Sturmflut-Warnung ausgerufen. Mehr im Liveticker.,DWD erwartet 20 Zentimeter Neuschnee – Autofahrer sollen zu Hause bleiben – DB hebt Zugbindung auf,Das Winterwetter hält Deutschland in Atem: Experten warnen vor lebensgefährlichen Bedingungen. In vielen Ländern fallen die Schulen aus. In Sachsen werden minus 28 Grad Celsius gemessen. An der Ostsee wurde Sturmflut-Warnung ausgerufen. Mehr im Liveticker.,DWD expects 20 centimeters of new snow - drivers should stay at home - DB cancels train connections. The winter weather is keeping Germany on tenterhooks: experts warn of life-threatening conditions. Schools are closed in many countries. The temperature in Saxony is minus 28 degrees Celsius. A storm surge warning has been declared on the Baltic Sea. More in the live ticker.,DWD expectat 20 centimetra novarum nivis - rectores domi manere debent - DB impedimenta instituendi destruunt. Hiems tempestas Germaniam in tenterhooks observat: periti condiciones vitae minaces monent. Scholae in multis regionibus clausae sunt. Temperatura in Saxonia minus 28 gradus Celsius est. Tempestas impetus impetus in Mare Balthicum declaratus est. More in Vivamus tick.,https://www.welt.de/vermischtes/article695f75414d1d5f581eeaf7a3/warnung-vor-starkem-schneefall-dwd-erwartet-20-zentimeter-neuschnee-glatte-strassen-db-hebt-zugbindung-auf-schneesturm-im-liveticker.html,https://images.welt.de/695f75414d1d5f581eeaf7a3/a306aa5104b9585661aa9264931ab316/ci16x9-w1200/dpa-com-20090101-260108-911-009634-jpg,,Das Winterwetter hält Deutschland in Atem: Experten warnen vor lebensgefährlichen Bedingungen. In vielen Ländern fallen die Schulen aus. In Sachsen werden minus 28 Grad Celsius gemessen. An der Ostse… [+23416 chars],,2026-01-10 08:56:34+00:00,wmo,Germany,WCE,Europe
776830f942e9120b9bfd24e2a6c7f03c,2026-01-09T07:57:53Z,Storm,Sturm Deutschland,www.focus.de,de,0.8,"Schneefall, Schneeverwehungen, Glatteis, Orkan! Hier wird ""Elli"" gefährlich. Viel Neuschnee, Schneeverwehungen und Glatteis: Sturmtief ""Elli"" erreicht Deutschland. Ab Freitagmorgen ist große Vorsicht geboten. Alle Entwicklungen im Ticker.","Schneefall, Schneeverwehungen, Glatteis, Orkan! Hier wird ""Elli"" gefährlich","Viel Neuschnee, Schneeverwehungen und Glatteis: Sturmtief ""Elli"" erreicht Deutschland. Ab Freitagmorgen ist große Vorsicht geboten. Alle Entwicklungen im Ticker.","Snowfall, snowdrifts, black ice, hurricane! This is where “Elli” becomes dangerous. Lots of fresh snow, snowdrifts and black ice: Storm “Elli” reaches Germany. Great caution is advised from Friday morning. All developments in the ticker.","Nix, nix, glacies, turbo! Hoc est ubi ""Elli"" periculosum fit. Sortes nix recentes, nives et glacies nigra: Tempestas ""Elli"" Germaniam attingit. Magna cautio a mane Veneris admonetur. Omnes explicationes in ticker.",https://www.focus.de/panorama/schneefall-schneeverwehungen-glatteis-orkan-hier-wird-elli-gefaehrlich_50870a2c-7264-48e1-87c1-ec5678162863.html,https://quadro.burda-forward.de/ctf/88ecc2b9-4d43-4cd0-9a3b-57546af2c050.6ee23934-6c7a-4bc4-9dcd-f3b29b99c433.jpeg?im=RegionOfInterestCrop%3D%281200%2C630%29%2CregionOfInterest%3D%28944%2C573%29&hash=953b62a42ba837b1346a2e4e1a8a59207a8ee857c7eed7c4112193b832583a70,,"Zwei Tote bei Frontal-Glättecrash in Bayern
8.53 Uhr: Bei einem Frontalzusammenstoß zweier Autos im Landkreis Dingolfing-Landau sind zwei Menschen ums Leben gekommen. Wie ein Polizeisprecher sagte, … [+36210 chars]",,2026-01-10 08:56:34+00:00,wmo,Germany,WCE,Europe
de88c71fb5ac88b6ea1a8024cdec9425,2026-01-09T08:57:37Z,Storm,Sturm Deutschland,www.tagesspiegel.de,de,0.8,"„Sie fallen nicht tot um, wenn Sie vor die Tür treten“: Meteorologen-Streit über das Außmaß von Sturmtief „Elli“. Wie gefährlich wird der aktuelle Wintereinbruch in Deutschland? Die Experten zeigen sich uneins. Kachelmann kritisiert Kollegen und Medien für Dramatisierung. Es sei eine „beherrschbare Wetterlage“.","„Sie fallen nicht tot um, wenn Sie vor die Tür treten“: Meteorologen-Streit über das Außmaß von Sturmtief „Elli“",Wie gefährlich wird der aktuelle Wintereinbruch in Deutschland? Die Experten zeigen sich uneins. Kachelmann kritisiert Kollegen und Medien für Dramatisierung. Es sei eine „beherrschbare Wetterlage“.,“You don’t drop dead when you step out the door”: Meteorologists’ dispute over the extent of storm “Elli”. How dangerous is the current onset of winter in Germany? The experts are divided. Kachelmann criticizes colleagues and the media for dramatization. It is a “manageable weather situation”.,"""Mortuum non decidere cum ostium exieris"": Meteorologistae disputant de magnitudine tempestatis ""Elli"". Quam periculosa est hiemis impetus in Germania? Periti dividuntur. Kachelmann collegas et instrumenta dramatisationi reprehendit. Est ""tempestatis tractabilis condicio"".",https://www.tagesspiegel.de/gesellschaft/panorama/sie-fallen-nicht-tot-um-wenn-sie-vor-die-tur-treten-meteorologen-streit-uber-das-aussmass-von-sturmtief-elli-15118374.html,https://www.tagesspiegel.de/images/15118459/alternates/BASE_16_9_W1400/1767948452000/jorg-kachelmann.jpeg,,"Warnungen vor Schneeverwehungen, Eisregen und Sturmböen führen unter anderem zu Schulschließungen, abgesagten Veranstaltungen und Zugstreichungen und -ausfällen bei der Deutschen Bahn. Die Mahnungen … [+5093 chars]",,2026-01-11 13:19:34+00:00,wmo,Germany,WCE,Europe
c763c39d5c68e4b30570b945fc24612d,2026-01-10T04:02:18Z,Snow&Ice,Schnee Deutschland,www.tagesspiegel.de,de,0.8,"Kältewelle: Brrrrrr! Warum es gerade so kalt ist. Kälte, Schnee, Glätte: Der Januar lässt Deutschland zittern. Experten erklären, woher die Kaltfront kommt – und warum die Klimakrise trotzdem bleibt.",Kältewelle: Brrrrrr! Warum es gerade so kalt ist,"Kälte, Schnee, Glätte: Der Januar lässt Deutschland zittern. Experten erklären, woher die Kaltfront kommt – und warum die Klimakrise trotzdem bleibt.","Cold Wave: Brrrrrr! Why it's so cold right now. Cold, snow, slippery weather: January makes Germany shiver. Experts explain where the cold front comes from â€“ and why the climate crisis still remains.","Frigida unda: Brrrrrr! Quare iam suus 'frigus. Frigus, nix, lubrica tempestas: Ianuarius facit Germaniam tremere. Periti explicant ubi frons frigoris exeat – et quare discrimen climatis adhuc superest.",https://www.tagesspiegel.de/wissen/kaltewelle-brrrrrr-warum-es-gerade-so-kalt-ist-15122222.html,https://www.tagesspiegel.de/images/15122221/alternates/BASE_16_9_W1400/1768017738000/winterwetter-sturmtief-elli-niedersachsen.jpeg,,"Schneemassen und Glätte wirbeln seit Tagen in Deutschland das Leben durcheinander. Züge stehen still, es kommt zu Unfällen auf den Straßen, auch bedingt durch Sturmtief Elli. Eine Weile soll es noch … [+3659 chars]",,2026-01-11 13:19:34+00:00,wmo,Germany,WCE,Europe
6363c2abee20d23e4fe381b4f5c138da,2026-01-10T04:20:13Z,Snow&Ice,Schnee Deutschland,www.faz.net,de,0.8,"Winterwetter: Brrrrrr! Warum es gerade so kalt ist. Kälte, Schnee, Glätte: Der Januar lässt Deutschland zittern. Experten erklären, woher die Kaltfront kommt – und warum die Klimakrise trotzdem bleibt.",Winterwetter: Brrrrrr! Warum es gerade so kalt ist,"Kälte, Schnee, Glätte: Der Januar lässt Deutschland zittern. Experten erklären, woher die Kaltfront kommt – und warum die Klimakrise trotzdem bleibt.","Winter weather: Brrrrrr! Why it's so cold right now. Cold, snow, slippery weather: January makes Germany shiver. Experts explain where the cold front comes from – and why the climate crisis still remains.","Hiems: Brrrrrr! Quare iam suus 'frigus. Frigus, nix, lubrica tempestas: Ianuarius facit Germaniam tremere. Periti explicant ubi frons frigoris exeat – et quare discrimen climatis adhuc superest.",https://www.faz.net/aktuell/gesellschaft/winterwetter-warum-es-gerade-so-kalt-ist-accg-200425581.html,https://media0.faz.net/image/w1200h627/d57b0e67d69a/w2240h1170x0y188o/202601/43601.0.1648665185/chemnitz-schnee-liegt-auf.webp,,"Schneemassen und Glätte wirbeln seit Tagen in Deutschland das Leben durcheinander. Züge stehen still, es kommt zu Unfällen auf den Straßen, auch bedingt durch Sturmtief Elli. Eine Weile soll es noch … [+3550 chars]",,2026-01-11 13:19:34+00:00,wmo,Germany,WCE,Europe
410476ebcb3e93393a321fbc4529ed2c,2026-01-10T10:34:22Z,Snow&Ice,Schnee Deutschland,www.n-tv.de,de,0.8,"Experten erklären Winterwetter: Warum es gerade so kalt ist. Schneemassen und Glätte wirbeln seit Tagen in Deutschland das Leben durcheinander. Züge stehen still, es kommt zu Unfällen auf den Straßen. Eine Weile soll es noch so kalt bleiben. Aber ist das eigentlich ungewöhnlich? Und widerspricht es dem Trend des Klimaw…",Experten erklären Winterwetter: Warum es gerade so kalt ist,"Schneemassen und Glätte wirbeln seit Tagen in Deutschland das Leben durcheinander. Züge stehen still, es kommt zu Unfällen auf den Straßen. Eine Weile soll es noch so kalt bleiben. Aber ist das eigentlich ungewöhnlich? Und widerspricht es dem Trend des Klimaw…",Experts explain winter weather: Why it's so cold right now. Snow masses and slippery conditions have been disrupting life in Germany for days. Trains come to a standstill and accidents occur on the roads. It's supposed to stay this cold for a while. But is that actually unusual? And does it contradict the trend of climate change?,Periti tempestatem hiemalem explicant: Cur nunc tam frigidus est. Nives massae et condiciones lubricae in Germania vitam turbantes per dies fuerunt. Impedimenta haesitantur et accidentia in viis fiunt. Hoc frigus ad tempus manere putatur. Sed estne insolens? Et contradicit inclinatio climatis mutationis?,https://www.n-tv.de/wissen/Warum-es-gerade-so-kalt-ist-id30225027.html,https://www.n-tv.de/img/30225064/1768041284/Img_16_9/1200/Sturmtief-Elli-Wintereinbruch-in-Norddeutschland-das-Foto-zeigt-schneebeckte-Fahrraeder-an-einem-Zaun-in-Bremen-Bremen-Neustadt-Schneesturm-Schneeverwehung-Schneefall-Wintereinbruch-09-01.jpg,,"Ungewöhnlich viel Schnee gibt es auch in Bremen. (Foto: picture alliance / foto2press)

Schneemassen und Glätte wirbeln seit Tagen in Deutschland das Leben durcheinander. Züge stehen still, es kommt … [+4045 chars]",,2026-01-11 13:19:34+00:00,wmo,Germany,WCE,Europe
50a94be7c34d3fcfc5e06d9d2b4748b7,2026-01-08T14:00:00Z,Precipitation,Regen Schweiz,www.nzz.ch,de,0.8,"BILDSTRECKE - Ein Sturmtief über Europa bringt winterliches Ambiente, vereiste Strassen und vielen Schülern einen freien Tag. Neuschnee, Schneeverwehungen und Glatteis: Ein Sturmtief steuert auf Deutschland und die Schweiz zu. Vielerorts wird gefrierender Regen erwartet – mit Folgen für den Verkehr.","BILDSTRECKE - Ein Sturmtief über Europa bringt winterliches Ambiente, vereiste Strassen und vielen Schülern einen freien Tag","Neuschnee, Schneeverwehungen und Glatteis: Ein Sturmtief steuert auf Deutschland und die Schweiz zu. Vielerorts wird gefrierender Regen erwartet – mit Folgen für den Verkehr.","IMAGE STRETCH - A storm over Europe brings a wintry atmosphere, icy roads and many students a day off. Fresh snow, snowdrifts and black ice: a storm is heading towards Germany and Switzerland. Freezing rain is expected in many places - with consequences for traffic.","IMAGO - Tempestas per Europam atmosphaeram hiemalem, vias glaciales et multos dies discipulos affert. Nives recentes, nives et glacies nigra: tempestas versus Germaniam et Helvetiam spectat. Imber congelatio multis in locis expectatur - cum consecutionibus negotiationis.",https://www.nzz.ch/panorama/sturmtief-ueber-europa-winterliches-ambiente-hier-vereiste-schienen-und-strassen-dort-ld.1919358,"https://img.nzz.ch/2026/01/08/0e677e70-7b60-40d8-b29f-5d44430050d0.jpg?width=1200&height=675&fit=bounds&quality=75&auto=webp&crop=5500,3094,x0,y287&wmark=nzz",,Der Winter ist zurück: Eisige Temperaturen und Schneefall haben weite Teile Europas erfasst. Am Donnerstag hat vielerorts Niederschlag eingesetzt. Bilder zeigen verschneite Landschaften. Und es geht … [+6327 chars],,2026-01-12 05:18:56+00:00,wmo,Switzerland,WCE,Europe
bbb8f988022c843f949d34b1e382d8b2,2026-01-11T12:46:55Z,Snow&Ice,Schnee Deutschland,www.nzz.ch,de,0.8,"Bis zu minus 20 Grad in Norddeutschland: «Es war eine aufregende, aber nicht lebensgefährliche Schneewoche» – nun steht ein weiteres Unwetter bevor. Viele Unfälle, ausgefallene Züge und noch mehr Schnee: «Elli» hat weite Teile Deutschlands und auch der Schweiz beschäftigt. Am Sonntag entspannte sich die Lage. Dennoch gibt es im Norden weiter Einschränkungen. Über das Ausmass des Sturmtiefs zeigen sich Exp…","Bis zu minus 20 Grad in Norddeutschland: «Es war eine aufregende, aber nicht lebensgefährliche Schneewoche» – nun steht ein weiteres Unwetter bevor","Viele Unfälle, ausgefallene Züge und noch mehr Schnee: «Elli» hat weite Teile Deutschlands und auch der Schweiz beschäftigt. Am Sonntag entspannte sich die Lage. Dennoch gibt es im Norden weiter Einschränkungen. Über das Ausmass des Sturmtiefs zeigen sich Exp…","Up to minus 20 degrees in northern Germany: “It was an exciting but not life-threatening week of snow” – now another storm is imminent. Lots of accidents, canceled trains and even more snow: “Elli” kept large parts of Germany and Switzerland busy. The situation eased on Sunday. Nevertheless, there are still restrictions in the north. Exp...","Usque ad minus 20 gradus in Germania septentrionali: ""Fuit hebdomade nivis excitans sed non minax vita"" - nunc alia tempestas imminet. Sortes accidentium impedimenta deleverunt et etiam plus nivis: ""Elli"" magnas partes Germaniae et Helvetiae occupaverunt. Relevatur dies Solis. Sunt tamen adhuc restrictiones in parte septentrionali. Exp...",https://www.nzz.ch/international/ostsee-zugefroren-meteorologen-heben-unwetterwarnung-in-deutschland-auf-es-war-eine-aufregende-aber-nicht-lebensgefaehrliche-schneewoche-und-nun-steht-ein-weiteres-unwetter-bevor-minus-20-grad-in-norddeutschland-ld.1919699,"https://img.nzz.ch/2026/01/11/5d948b46-5c6b-45d8-91d0-ec3f7bf19e30.jpg?width=1200&height=674&fit=bounds&quality=75&auto=webp&crop=7000,3937,x0,y366&wmark=nzz",,"Viele Unfälle, ausgefallene Züge und noch mehr Schnee: «Elli» hat weite Teile Deutschlands und auch der Schweiz beschäftigt. Am Sonntag entspannte sich die Lage. Dennoch gibt es im Norden weiter Eins… [+4721 chars]",,2026-01-12 17:01:27+00:00,wmo,Germany,WCE,Europe
74c61dd92b2cd0680179c44ff8c9ff59,2026-01-11T04:30:00Z,Snow&Ice,Eis Deutschland,www.nzz.ch,de,0.0,"Deutschland ist plötzlich Besitzer eines russischen Schattentankers – auf eisiger Fahrt zur havarierten «Eventin». Vor einem Jahr treibt ein riesiges Schiff manövrierunfähig auf der Ostsee. An Bord sind 100 000 Tonnen Erdöl. Die Behörden lassen den Tanker vor die Insel Rügen schleppen und beschlagnahmen ihn. Seitdem sorgt die «Eventin» für viel Ärger, wie sich vor Ort zei…",Deutschland ist plötzlich Besitzer eines russischen Schattentankers – auf eisiger Fahrt zur havarierten «Eventin»,"Vor einem Jahr treibt ein riesiges Schiff manövrierunfähig auf der Ostsee. An Bord sind 100 000 Tonnen Erdöl. Die Behörden lassen den Tanker vor die Insel Rügen schleppen und beschlagnahmen ihn. Seitdem sorgt die «Eventin» für viel Ärger, wie sich vor Ort zei…","Germany is suddenly the owner of a Russian shadow tanker - on an icy journey to the damaged ""Eventin"". A year ago, a huge ship was drifting on the Baltic Sea, unable to maneuver. There are 100,000 tons of oil on board. The authorities have the tanker towed off the island of Rügen and confiscate it. Since then, the “Eventin” has caused a lot of trouble, as can be seen on site…","Subito Germania dominus amphorae Russiae umbrae - in itinere glaciali ad quassatum ""Eventin"" est. Ante annum ingens navis in Mare Balthicum fluctuabat, decurrere non poterat. Olei in tabula sunt 100,000 talenta. Auctores amphorarum remulco insula Rügen publicant. Cum igitur ""Eventin"" multum negotii effecit, ut videri potest in situ...",https://www.nzz.ch/international/die-eventin-wie-deutschland-besitzer-eines-russischen-schattentankers-wurde-ld.1919250,"https://img.nzz.ch/2026/01/07/e47ce8ce-bd4a-48f6-8845-1d64d1289f8f.jpg?width=1200&height=674&fit=bounds&quality=75&auto=webp&crop=2500,1406,x0,y365&wmark=nzz",,"Der Weg zur «Eventin» führt durch raues Ostseewasser. Der Skipper peitscht das Schlauchboot von Sassnitz gegen die anbrandenden Wellen. Sie sind nicht gross an diesem Morgen, aber reichen, um den Rum… [+13810 chars]",,2026-01-13 09:44:40+00:00,wmo,Germany,WCE,Europe
f68d1f828057bee0ffd13e983df8f4f5,2026-01-05T04:30:00Z,Snow&Ice,Eis Schweiz,www.nzz.ch,de,0.7,"INTERVIEW - «Es ist fast wie Chemie»: Der Fondueweltmeister Benedikt Wüthrich erzählt, wie zu Hause das perfekte Fondue gelingt. Winterzeit ist Fonduezeit, und viele fragen sich: Wie viel Weisswein kommt wirklich in den Käse? Und was tun, wenn die Masse ölig wird? Antworten zu den Geheimnissen des Schweizer Nationalgerichts.","INTERVIEW - «Es ist fast wie Chemie»: Der Fondueweltmeister Benedikt Wüthrich erzählt, wie zu Hause das perfekte Fondue gelingt","Winterzeit ist Fonduezeit, und viele fragen sich: Wie viel Weisswein kommt wirklich in den Käse? Und was tun, wenn die Masse ölig wird? Antworten zu den Geheimnissen des Schweizer Nationalgerichts.","INTERVIEW - ""It's almost like chemistry"": Fondue world champion Benedikt Wüthrich explains how to create the perfect fondue at home. Wintertime is fondue time, and many people ask themselves: How much white wine really goes into the cheese? And what to do if the mass becomes oily? Answers to the secrets of the Swiss national dish.","CONLOQUIUM - ""Fere similis est chymiae"": Fondorum mundi propugnator Benedikt Wüthrich explicat quomodo perfectum fondum creare domi. Hyemale tempus est fondue, et multi se interrogant: Quantum uinum album vere vadit in caseum? Et quid, si massa oleum fit? Responsa ad secreta discus nationalis Helvetiae.",https://www.nzz.ch/panorama/es-ist-fast-wie-chemie-der-fondueweltmeister-benedikt-wuethrich-erzaehlt-wie-zu-hause-das-perfekte-fondue-gelingt-ld.1916694,"https://img.nzz.ch/2025/12/30/78578aaa-6a73-40be-a1c0-0ed562d4a039.jpg?width=1200&height=675&fit=bounds&quality=75&auto=webp&crop=5616,3159,x0,y436&wmark=nzz",,"Winterzeit ist Fonduezeit, und viele fragen sich: Wie viel Weisswein kommt wirklich in den Käse? Und was tun, wenn die Masse ölig wird? Antworten zu den Geheimnissen des Schweizer Nationalgerichts.
… [+9993 chars]",,2026-01-13 13:29:24+00:00,wmo,Switzerland,WCE,Europe
988144dbba4c531f907df2a9266b539a,2026-01-13T05:57:04Z,Storm,Sturm Deutschland,www.focus.de,de,0.8,"Glatteis-Gefahr! In großen Teilen Deutschlands gilt jetzt Alarmstufe Rot. Viel Neuschnee, Schneeverwehungen und Glatteis: Sturmtief ""Elli"" hat Deutschland fest im Griff. Für die Schüler in NRW, Bremen und Niedersachsen gilt am Montag Distanzunterricht.",Glatteis-Gefahr! In großen Teilen Deutschlands gilt jetzt Alarmstufe Rot,"Viel Neuschnee, Schneeverwehungen und Glatteis: Sturmtief ""Elli"" hat Deutschland fest im Griff. Für die Schüler in NRW, Bremen und Niedersachsen gilt am Montag Distanzunterricht.","Danger of black ice! Red alert is now in effect in large parts of Germany. Lots of fresh snow, snowdrifts and black ice: Storm Elli has Germany firmly in its grip. Distance learning applies to students in North Rhine-Westphalia, Bremen and Lower Saxony on Monday.","Nigrae glaciei periculum! Rubra erecta nunc in magnis Germaniae partibus viget. Sortes nix novas, nives et nigram glaciem: Tempestas Elli Germaniam tenaci firmiter habet. Distantia litterarum applicatur studentibus in North Rheno-Westphalia, Bremensi et Saxonia inferiori die Lunae.",https://www.focus.de/panorama/schneefall-schneeverwehungen-glatteis-orkan-hier-wird-elli-gefaehrlich_4ad9b0a7-9578-436c-a02d-44613f95719a.html,https://quadro.burda-forward.de/ctf/47fa5197-5073-4243-994b-2b3685b201ac.00fb8be1-beab-409e-9c83-3004776143c4.jpeg?im=RegionOfInterestCrop%3D%281200%2C630%29%2CregionOfInterest%3D%281100%2C704%29&hash=0964687a3763c4e3615d30aa28cd516b31d3d4c0b38a623a40ca43da4cf440ae,,"Glatteis-Gefahr im Osten am Morgen - Berlin im Zentrum
6.53 Uhr: Nachdem sich die Wetterlage im Westen des Landes wieder beruhigt hat, ist vor allem im Osten Deutschlands noch Vorsicht wegen Glattei… [+41799 chars]",,2026-01-16 10:36:43+00:00,wmo,Germany,WCE,Europe
888167429b54f1cf73c9db3fa80d9ada,2026-01-05T09:59:54Z,Fog,Nebel Latium,www.stern.de,de,0.3,"Wetter: Schnee und Eis sorgen für Chaos in europäischen Ländern. Am Montagmorgen starten viele Menschen in Europa aus der Weihnachtspause. Der Winter sorgt in mehreren Ländern aber für Chaos an Flughäfen, auf der Schiene und auf der Straße.",Wetter: Schnee und Eis sorgen für Chaos in europäischen Ländern,"Am Montagmorgen starten viele Menschen in Europa aus der Weihnachtspause. Der Winter sorgt in mehreren Ländern aber für Chaos an Flughäfen, auf der Schiene und auf der Straße.","Weather: Snow and ice cause chaos in European countries. Many people in Europe start their Christmas break on Monday morning. However, winter causes chaos at airports, on rails and on the roads in several countries.","Tempestas: Nix et glacies chaos causa in terris Europae. Multi homines in Europa incipiunt nativitatem suam die Lunae mane. Sed hiems causat chaos in nisl, in cancellis et in viis in pluribus regionibus.",https://www.stern.de/panorama/wetter--schnee-und-eis-sorgen-fuer-chaos-in-europaeischen-laendern-37010860.html,https://image.stern.de/37010862/t/9Y/v1/w1440/r1.7778/-/05--bbgcchd4iqv2axs2048jpeg---3d5efce9ffe508fc.jpg,,"Kopiere den aktuellen Link
Zur Merkliste hinzufügen
Am Montagmorgen starten viele Menschen in Europa aus der Weihnachtspause. Der Winter sorgt in mehreren Ländern aber für Chaos an Flughäfen, auf d… [+1422 chars]",,2026-01-18 02:34:43+00:00,wmo,Italy,MED,Europe
2935ae82c1dd0587457994287fb0e895,2026-01-05T10:01:01Z,Drought,Regenmangel Schweiz,www.tagesspiegel.de,de,0.3,"Chaotische Verhältnisse: Winterwetter hat europäische Länder fest im Griff. Zugausfälle, stundenlange Verspätungen und Flughäfen im Ausnahmezustand: Schnee und Eis haben viele Länder Europas zu großen Einschränkungen geführt.",Chaotische Verhältnisse: Winterwetter hat europäische Länder fest im Griff,"Zugausfälle, stundenlange Verspätungen und Flughäfen im Ausnahmezustand: Schnee und Eis haben viele Länder Europas zu großen Einschränkungen geführt.","Chaotic conditions: Winter weather has European countries firmly in its grip. Train cancellations, hours-long delays and airports in a state of emergency: snow and ice have led to major restrictions in many European countries.","Condiciones tenebrarum: Tempestas hiemalis habet terras Europaeas firmiter in suo tenaci. Agmen cancellations, horas diuturnae et aliquet nisl in statu necessitatis: nix et glacies ad restrictiones maiores in multis Europae regionibus duxerunt.",https://www.tagesspiegel.de/gesellschaft/panorama/chaotische-verhaltnisse-winterwetter-hat-europaische-lander-fest-im-griff-15103342.html,https://www.tagesspiegel.de/images/15104087/alternates/BASE_16_9_W1400/1767613707000/winterwetter-in-gro-britannien.jpeg,,"Starker Schneefall und eisige Temperaturen haben in etlichen europäischen Ländern für chaotische Verhältnisse gesorgt. Am Montag, als viele Menschen aus den Weihnachtsferien in den Alltag starteten, … [+3610 chars]",,2026-01-18 02:34:43+00:00,edo,Switzerland,WCE,Europe
0c7c69436487dddbcfcf3de60563d0f7,2026-01-10T22:43:18Z,Snow&Ice,Schneeböe,www.stern.de,de,0.3,"Rockmusik: Thees Uhlmann spielt sein vorerst letztes Konzert. Der Musiker Thees Uhlmann lässt sich von Eis und Schnee nicht stoppen. Während Hamburg sich vom Wintersturm ""Elli"" erholt, begeistert Uhlmann seine Fans in der Elbphilharmonie.",Rockmusik: Thees Uhlmann spielt sein vorerst letztes Konzert,"Der Musiker Thees Uhlmann lässt sich von Eis und Schnee nicht stoppen. Während Hamburg sich vom Wintersturm ""Elli"" erholt, begeistert Uhlmann seine Fans in der Elbphilharmonie.","Rock music: Thees Uhlmann plays his last concert for the time being. Musician Thees Uhlmann doesn't let ice and snow stop him. While Hamburg recovers from winter storm ""Elli"", Uhlmann delights his fans in the Elbphilharmonie.","Musica petra: Thees Uhlmann ultimum concentus suo tempore ludit. Thees musicus Uhlmann non sinit eum glaciem et nivem prohibere. Dum Hamburgum ex hieme ""Elli"" recuperat, Uhlmann amatores suos in Elbphilharmonie delectat.",https://www.stern.de/gesellschaft/regional/hamburg-schleswig-holstein/rockmusik--thees-uhlmann-spielt-sein-vorerst-letztes-konzert-37029774.html,https://image.stern.de/37029776/t/bI/v1/w1440/r1.7778/-/10--ytpynlvwfuv6axs2048jpeg---e5aee2370955b7cb.jpg,,"Kopiere den aktuellen Link
Zur Merkliste hinzufügen
Der Musiker Thees Uhlmann lässt sich von Eis und Schnee nicht stoppen. Während Hamburg sich vom Wintersturm ""Elli"" erholt, begeistert Uhlmann sei… [+2175 chars]",,2026-01-18 02:34:43+00:00,random,,,
6bcc7e8d43a323a956a04efc0d8294a6,2026-01-02T19:27:08Z,Snow&Ice,Eis Österreich,www.diepresse.com,de,0.8,"Dakar und Freistadt: Was Wüstensand und Mühlviertler Eis eint [premium]. In Riad startet unter globalem Aufsehen die Rallye Dakar, sogar Mark Mateschitz fährt mit. Im Großraum Freistadt lockt die Jänner-Rallye – Österreichs wahrer Motorsport-Klassiker.",Dakar und Freistadt: Was Wüstensand und Mühlviertler Eis eint [premium],"In Riad startet unter globalem Aufsehen die Rallye Dakar, sogar Mark Mateschitz fährt mit. Im Großraum Freistadt lockt die Jänner-Rallye – Österreichs wahrer Motorsport-Klassiker.","Dakar and Freistadt: What unites desert sand and Mühlviertel ice [premium]. The Dakar Rally starts in Riyadh with global attention, even Mark Mateschitz is taking part. The January Rally – Austria’s true motorsport classic – beckons in the Freistadt area.","Dakar et Freistadt: Quae arenam desertam coniungit et Mühlviertel glaciem [premium]. Dakar Rally in Riyadh cum global attentione incipit, etiam Mark Mateschitz intervenit. Ianuarii Rally - verum motores portarum Austriae - in Freistadt area annuit.",https://www.diepresse.com/20444851/dakar-und-freistadt-was-wuestensand-und-muehlviertler-eis-eint,https://img.diepresse.com/public/incoming/clluyz-jaenner_testtag_2026_illmer_245.jpg/alternates/DPR_SOCIAL_MAGAZIN/jaenner_testtag_2026_illmer_245.jpg,,"Wer vom ersten großen Motorsport-Ereignis des Jahres spricht, der schielt immer zur Rallye Dakar. Dem Spektakel, das sich auch heuer wieder ab Samstag von Yanbu aus seinen Weg über 8000 Kilometer que… [+3526 chars]",,2026-01-18 02:34:43+00:00,wmo,Austria,WCE,Europe
6cbd98c1e6f3fe682f791950faccb66a,2026-01-12T15:51:34Z,Snow&Ice,Eis Österreich,www.n-tv.de,de,0.8,"Falscher Fokus der Regierung?: Warum sich die Bahn bei Schnee und Eis so schwertut. Das extreme Winterwetter bringt den Bahnverkehr in Deutschland teilweise zum Erliegen. In Ländern wie Österreich und der Schweiz läuft das besser. Laut Bahn ist der Vergleich unfair, Experten sehen dennoch einige Versäumnisse. Diese könnten auch an Vorgaben a…",Falscher Fokus der Regierung?: Warum sich die Bahn bei Schnee und Eis so schwertut,"Das extreme Winterwetter bringt den Bahnverkehr in Deutschland teilweise zum Erliegen. In Ländern wie Österreich und der Schweiz läuft das besser. Laut Bahn ist der Vergleich unfair, Experten sehen dennoch einige Versäumnisse. Diese könnten auch an Vorgaben a…","Wrong focus of the government?: Why the railway has so much trouble in snow and ice. The extreme winter weather is bringing rail traffic in Germany to a partial standstill. Things are going better in countries like Austria and Switzerland. According to Bahn, the comparison is unfair, but experts still see some omissions. These could also be based on specifications…","Nefas umbilicus imperii ?: Cur balneae tantum negotii habet in nive et glacie. Extrema tempestas hiemalis in Germania ad partem haesitationem rail mercaturae infert. Res meliores geruntur in terris sicut Austria et Helvetia. Secundum Bahn, comparatio iniqua, sed periti adhuc nonnulla omissiones vident. Haec etiam fundari possunt in specificationibus…",https://www.n-tv.de/wirtschaft/Warum-sich-die-Bahn-bei-Schnee-und-Eis-so-schwertut-id30231563.html,https://www.n-tv.de/img/30231642/1768232218/Img_16_9/1200/Ein-ICE-steht-im-verschneiten-Hauptbahnhof-Im-Norden-kommt-es-nach-dem-Sturmtief-Elli-weiterhin-zu-Einschraenkungen-im-Bahnverkehr.jpg,,"Falscher Fokus der Regierung?Warum sich die Bahn bei Schnee und Eis so schwertut
Rund 3000 Kilometer Schienennetz waren in Norddeutschland laut Bahn vom Schneechaos betroffen. (Foto: picture allianc… [+5188 chars]",,2026-01-18 10:32:38+00:00,wmo,Austria,WCE,Europe
10d8a0388dc266c1cc97291be2e697be,2026-01-14T08:30:30Z,Snow&Ice,Eis Österreich,sport.orf.at,de,0.8,"Mikutina nimmt EM als Olympiatest. Erstmals seit zehn Jahren ist Österreichs Eiskunstlauf bei Europameisterschaften in allen Bewerben vertreten. Von Mittwoch bis Samstag in Sheffield treten Olga Mikutina und Maurizio Zandron als rot-weiß-rote Fixgrößen auf, ihr EM-Debüt geben Anita und Andreas…",Mikutina nimmt EM als Olympiatest,"Erstmals seit zehn Jahren ist Österreichs Eiskunstlauf bei Europameisterschaften in allen Bewerben vertreten. Von Mittwoch bis Samstag in Sheffield treten Olga Mikutina und Maurizio Zandron als rot-weiß-rote Fixgrößen auf, ihr EM-Debüt geben Anita und Andreas…","Mikutina takes the European Championships as an Olympic test. For the first time in ten years, Austrian figure skating is represented in all competitions at the European Championships. From Wednesday to Saturday in Sheffield, Olga Mikutina and Maurizio Zandron will appear as red-white-red fixtures, while Anita and Andreas will make their European Championship debut...","Mikutina accipit Championships Europaeos ut experimentum Olympicum. Primum in decem annis figura Austriaca skating repraesentatur in omnibus certationibus apud Championships Europaeos. A Mercurii ad Sabbatum in Sheffield, Olga Mikutina et Maurizio Zandron apparent adfixa rubra albo-rubra, dum Anita et Andreas suum Europaeum VINDICIAE debut facient.",https://sport.orf.at/stories/3149961/,https://ibs.orf.at/sport?image=https%3A%2F%2Fassets.orf.at%2Fmims%2F2026%2F03%2F97%2Fcrops%2Fw%3D1200%2Ch%3D630%2Cq%3D75%2F2894430_master_1118197_eiskunstlauf_vor_em_mikutina_g.jpg%3Fs%3D971fa7d3c0c1f6de3541eaaff9233f7d38491980,,"Die 22-jährige Vorarlbergerin strebt in England einen Top-Fünf-Platz an, damit würde sie ihr bisher bestes EM-Ergebnis Rang acht 2024 toppen. In der Vorbereitung lag der Schwerpunkt auf Kraft- und Mu… [+2655 chars]",,2026-01-18 10:32:38+00:00,wmo,Austria,WCE,Europe
ff75e47d9100e86883e83c3e3218b177,2026-01-09T11:51:05Z,Cold Wave,eiskaltes Österreich,www.diepresse.com,de,0.8,"Österreichs eiskaltes Geschäft mit Donald Trump. Es ist hierzulande so kalt geworden, man muss schon fürchten, dass Österreich mit Grönland verwechselt wird. Das bietet aber auch Chancen.",Österreichs eiskaltes Geschäft mit Donald Trump,"Es ist hierzulande so kalt geworden, man muss schon fürchten, dass Österreich mit Grönland verwechselt wird. Das bietet aber auch Chancen.",Austria's ice-cold deal with Donald Trump. It has become so cold here that one has to fear that Austria will be confused with Greenland. But that also offers opportunities.,Austriae cum Donaldo Trump plurimum gelu-frigidum est. Hic tam frigidus factus est ut timeatur ne Austria cum Groenlandia confundatur. Etiam sed efficitur lacus.,https://www.diepresse.com/20460477/oesterreichs-eiskaltes-geschaeft-mit-donald-trump,https://img.diepresse.com/public/incoming/akz8v6-BUNDESKANZLER-KURZ-IN-DEN-USA-KURZ-TRUMP/alternates/DPR_SOCIAL_MEINUNG/BUNDESKANZLER%20KURZ%20IN%20DEN%20USA%20KURZ%20%20TRUMP,,"Es ist hierzulande so kalt geworden, man muss schon fürchten, dass Österreich mit Grönland verwechselt wird. Das bietet aber auch Chancen.
Es ist hierzulande so kalt geworden, man muss schon fürchte… [+1474 chars]",,2026-01-19 05:41:15+00:00,wmo,Austria,WCE,Europe
