index,module,topic,color,feed,term,created,country,ratio,counter,pages,language,ipcc,continent
'c19cef35d3',extremes,Fog,#d60d2b,wmo,Nebel Kalabrien,2025-12-11T03:46:00+00:00,Italy,0.6035184531682846,0,2,de,MED,Europe
'2bb3d20abc',extremes,Fog,#d60d2b,wmo,Nebel Belgien,2025-12-14T03:49:00+00:00,Belgium,0.6026184502060067,0,2,de,WCE,Europe
'0b7dff9d8a',extremes,Snow&Ice,#d60d2b,wmo,Deutschland friert ein,2025-12-07T03:47:00+00:00,Germany,0.6015892357113088,1,2,de,WCE,Europe
'ca11d03786',extremes,Thunderstorm,#53785a,wmo,Hagel Island,2025-12-12T03:45:00+00:00,Iceland,0.6015651454869441,0,2,de,GIC,Europe
'125ea98162',extremes,Thunderstorm,#53785a,wmo,Hagel im Südosten Islands,2025-12-13T03:38:00+00:00,Iceland,0.6013850319175726,0,2,de,GIC,Europe
'db4deee12d',extremes,Fog,#d60d2b,wmo,Nebel Apulien,2025-12-10T03:45:00+00:00,Italy,0.6005113527113533,0,2,de,MED,Europe
'a6d5ea4376',extremes,Snow&Ice,#d60d2b,wmo,Eiswelsland,2025-12-01T04:02:00+00:00,Austria,0.5993704608392855,0,2,de,WCE,Europe
'58275fcc95',extremes,Fog,#d60d2b,wmo,Nebel Westflandern,2025-12-14T03:49:00+00:00,Belgium,0.5993454223152704,0,2,de,WCE,Europe
'18d25abe80',extremes,Storm,#b3b2b1,wmo,Sturm Liechtenstein,2025-12-15T03:54:00+00:00,Switzerland,0.5952602274377715,0,2,de,WCE,Europe
'0b73e9ffb2',extremes,Snow&Ice,#d60d2b,wmo,Lawine Waidhofen an der Ybbs Stadt,2025-12-01T04:02:00+00:00,Austria,0.5951673223313725,0,2,de,WCE,Europe
'0c4c529b3b',extremes,Storm,#b3b2b1,wmo,Sturm Belgien,2025-12-14T03:49:00+00:00,Belgium,0.5912077758405427,0,2,de,WCE,Europe
'818b9e71d3',extremes,Snow&Ice,#d60d2b,wmo,Lawine Kufstein,2025-12-01T04:02:00+00:00,Austria,0.5896047890913164,0,2,de,WCE,Europe
'92ff957955',extremes,Snow&Ice,#d60d2b,wmo,Schnee Schweiz,2025-12-08T03:44:00+00:00,Switzerland,0.5891647397301414,0,2,de,WCE,Europe
'ad2ca3ec95',extremes,Precipitation,#d60d2b,wmo,Regenguss Deutschland,2025-12-08T03:44:00+00:00,Germany,0.587604379507757,1,1,de,WCE,Europe
'6279d44f5f',extremes,Fog,#d60d2b,wmo,Nebel Limburg,2025-12-14T03:49:00+00:00,Belgium,0.5861397301185955,0,2,de,WCE,Europe
'9a19e6bfb8',extremes,Snow&Ice,#d60d2b,wmo,Eis Deutschland,2025-12-13T03:38:00+00:00,Germany,0.5832713337222455,1,3,de,WCE,Europe
'74236bd182',extremes,Drought,#edc291,edo,Mangel an Regen Island,2025-12-10T03:45:00+00:00,Iceland,0.5787011407204425,0,2,de,GIC,Europe
'ddaab30fbb',extremes,Storm,#b3b2b1,wmo,Sturm Gersau Engelbergertal,2025-12-15T03:54:00+00:00,Switzerland,0.577527522713942,0,2,de,WCE,Europe
'43ab572e78',extremes,Storm,#b3b2b1,wmo,Sturmflut-Küstenzone,2025-12-15T03:54:00+00:00,Belgium,0.5766927578986659,0,2,de,WCE,Europe
'0423c607b4',extremes,Cold Wave,#a7e9fa,wmo,Gefrierhorn,2025-11-28T03:34:00+00:00,Austria,0.5745577476890501,1,1,de,WCE,Europe
'cffb06d9f8',extremes,Snow&Ice,#d60d2b,wmo,Frost Stadt Braunlage,2025-12-06T03:32:00+00:00,Germany,0.5736403554786195,0,2,de,WCE,Europe
'3b643f4f75',extremes,Snow&Ice,#d60d2b,wmo,Frost Grieskirchen,2025-12-01T04:02:00+00:00,Austria,0.5727273551443383,0,2,de,WCE,Europe
'30f7444e18',extremes,Storm,#b3b2b1,wmo,Sturm Apulien,2025-12-04T03:42:00+00:00,Italy,0.5707844182732109,0,2,de,MED,Europe
'0bd8fbc940',extremes,Snow&Ice,#d60d2b,wmo,Frost Zug Knonau,2025-12-06T03:32:00+00:00,Switzerland,0.570456291191337,0,2,de,WCE,Europe
'94300b4dad',extremes,Snow&Ice,#d60d2b,wmo,Schnee Italien,2025-12-16T03:47:00+00:00,Italy,0.5696281060987293,0,2,de,MED,Europe
'200915a12f',extremes,Drought,#edc291,edo,Dürre Namibia,2025-12-15T03:54:00+00:00,Namibia,0.5680898656475397,0,2,de,WSAF,Africa
'8e5b367351',extremes,Precipitation,#d60d2b,wmo,Niederschlag Italien,2025-12-14T03:49:00+00:00,Italy,0.5677356273943126,0,2,de,MED,Europe
'2cce7328e9',extremes,Storm,#b3b2b1,wmo,Sturm Ligurien,2025-12-15T03:54:00+00:00,Italy,0.5675211584061337,0,2,de,MED,Europe
'4fd1b206ed',extremes,Snow&Ice,#d60d2b,wmo,Lawine Salzburg Umgebung,2025-12-01T04:02:00+00:00,Austria,0.5663836129289618,0,2,de,WCE,Europe
'c67af7e3fe',extremes,Earthquake,#870007,usgs,Erdbeben Island,2025-12-13T03:37:00+00:00,Iceland,0.5660687394882395,0,2,de,GIC,Europe
'080f963f9f',extremes,Snow&Ice,#d60d2b,wmo,Frost Langenthal,2025-12-06T03:32:00+00:00,Switzerland,0.5636220280519133,0,2,de,WCE,Europe
'b08a276ec2',extremes,Fog,#d60d2b,wmo,Nebel Italien,2025-12-08T03:44:00+00:00,Italy,0.5626066936242511,1,1,de,MED,Europe
'e0c6be6f7a',extremes,Storm,#b3b2b1,wmo,Sturmflut Stadt Oberwiesenthal,2025-12-07T03:47:00+00:00,Germany,0.5598936626910213,1,1,de,WCE,Europe
'6696637213',extremes,Storm,#b3b2b1,wmo,Sturmflut Helgoland Elbe Wesermündung,2025-12-01T04:02:00+00:00,Germany,0.5594564393452044,1,1,de,WCE,Europe
'07ce06ae23',extremes,Storm,#b3b2b1,wmo,Sturm Helgoland,2025-11-29T03:34:00+00:00,Germany,0.5591696247975657,1,1,de,WCE,Europe
'1b814f4418',extremes,Storm,#b3b2b1,wmo,Sturm Stadt Wernigerode,2025-12-15T03:54:00+00:00,Germany,0.5589076632476694,1,1,de,WCE,Europe
'c16bf9f0d0',extremes,Storm,#b3b2b1,wmo,Sturmflut östlich Rügen,2025-12-02T03:41:00+00:00,Germany,0.5585008766440867,1,1,de,WCE,Europe
'dec5942ac2',extremes,Storm,#b3b2b1,wmo,Sturmflut Elbe WesermÃ¼ndung,2025-12-08T03:44:00+00:00,Germany,0.5553608424730914,1,1,de,WCE,Europe
'906eca8937',extremes,Storm,#b3b2b1,wmo,Sturmflut Erstfeld Engelberg,2025-12-16T03:47:00+00:00,Switzerland,0.5482996591698059,1,1,de,WCE,Europe
'cefc77a4b3',extremes,Storm,#b3b2b1,wmo,Sturm Schweiz,2025-12-15T03:54:00+00:00,Switzerland,0.5471980538217115,1,2,de,WCE,Europe
'7780dab23f',extremes,Snow&Ice,#d60d2b,wmo,Frost Deutschland,2025-11-27T03:34:00+00:00,Germany,0.5459258770751062,2,3,de,WCE,Europe
'db05a91fee',extremes,Storm,#b3b2b1,wmo,Sturmflut Ostfriesische Küste Helgoland,2025-12-06T03:32:00+00:00,Germany,0.5436316898909324,1,1,de,WCE,Europe
'4213b8a736',extremes,Storm,#b3b2b1,wmo,Sturmflut Gersau Engelbergertal,2025-12-16T03:47:00+00:00,Switzerland,0.5429032200440007,1,1,de,WCE,Europe
'f4cca3599c',extremes,Storm,#b3b2b1,wmo,Sturmflut Meiringen Gadmertal,2025-12-16T03:47:00+00:00,Switzerland,0.5414608716485024,1,1,de,WCE,Europe
'98590fb420',extremes,Snow&Ice,#d60d2b,wmo,eiskalt Glarnerland Südsernftal,2025-11-26T03:37:00+00:00,Switzerland,0.5410977692469338,1,1,de,WCE,Europe
'1fea4f642d',extremes,Storm,#b3b2b1,wmo,Sturmflut Schweiz,2025-12-15T03:54:00+00:00,Switzerland,0.5407879704127303,1,1,de,WCE,Europe
'911e98ccfe',extremes,Storm,#b3b2b1,wmo,Sturm Maderanertal,2025-12-15T03:54:00+00:00,Switzerland,0.5385767974073232,1,1,de,WCE,Europe
'b3b1658329',extremes,Fog,#d60d2b,wmo,Nebel Deutschland,2025-12-15T03:54:00+00:00,Germany,0.5377182290753922,2,3,de,WCE,Europe
'6de8fe7baa',extremes,Snow&Ice,#d60d2b,wmo,Schnee Deutschland,2025-12-09T03:41:00+00:00,Germany,0.5356183101209454,2,2,de,WCE,Europe
'ac0e36fd65',extremes,Snow&Ice,#d60d2b,wmo,eiskaltes frutigen Kiental,2025-11-26T03:37:00+00:00,Switzerland,0.5341962910255584,1,1,de,WCE,Europe
'a5f7d9bde6',extremes,Storm,#b3b2b1,wmo,Sturmflut Sarganserland,2025-12-15T03:54:00+00:00,Switzerland,0.5339578495085472,1,1,de,WCE,Europe
'075d3faeae',extremes,Storm,#b3b2b1,wmo,Sturm Glarus Süd Grosstal,2025-12-15T03:54:00+00:00,Switzerland,0.5331949227256568,1,1,de,WCE,Europe
'69af7a0917',extremes,Storm,#b3b2b1,wmo,Sturm Goldau Ã„geri,2025-12-16T03:47:00+00:00,Switzerland,0.5328854467726052,1,1,de,WCE,Europe
'491a9f7a5e',extremes,Storm,#b3b2b1,wmo,Sturmflut Stadt Wernigerode,2025-12-08T03:44:00+00:00,Germany,0.53165595847333,1,1,de,WCE,Europe
'4377d8044c',extremes,Storm,#b3b2b1,wmo,Sturm Grindelwald,2025-12-16T03:47:00+00:00,Switzerland,0.5307218245901694,1,1,de,WCE,Europe
'737d054cdf',extremes,Snow&Ice,#d60d2b,wmo,Schnee Linthebene Gaster,2025-11-26T03:37:00+00:00,Switzerland,0.5304482719064557,1,1,de,WCE,Europe
'24a388e940',extremes,Storm,#b3b2b1,wmo,Sturmflut östlich Fehmarn bis Rügen,2025-12-08T03:44:00+00:00,Germany,0.5301887795598916,1,1,de,WCE,Europe
'5c38722100',extremes,Snow&Ice,#d60d2b,wmo,Eis Urserntal,2025-11-26T03:37:00+00:00,Switzerland,0.5296953109958049,1,1,de,WCE,Europe
'507412aefc',extremes,Storm,#b3b2b1,wmo,Sturm Italien,2025-12-01T04:02:00+00:00,Italy,0.5288644895195772,1,2,de,MED,Europe
'ebfa477aa2',extremes,Fog,#d60d2b,wmo,Nebel Venetien,2025-12-13T03:38:00+00:00,Italy,0.5286429656531029,1,1,de,MED,Europe
'5db924ab8a',extremes,Storm,#b3b2b1,wmo,Sturm Deutschland,2025-11-27T03:34:00+00:00,Germany,0.5285802042771351,2,2,de,WCE,Europe
'e79fead5ca',extremes,Storm,#b3b2b1,wmo,Sturmflut Elbe von Hamburg bis Cuxhaven,2025-12-18T03:44:00+00:00,Germany,0.5266589091925522,1,1,de,WCE,Europe
'7104ad3c83',extremes,Thunderstorm,#53785a,wmo,Gewitter Italien,2025-12-04T03:42:00+00:00,Italy,0.5254340576474663,1,1,de,MED,Europe
'429ae37885',extremes,Fog,#d60d2b,wmo,Nebel Piemont,2025-12-14T03:49:00+00:00,Italy,0.5244570256938,1,1,de,MED,Europe
'bb0e1d1a9a',extremes,Snow&Ice,#d60d2b,wmo,Eis Kirchdorf an der Krems,2025-12-01T04:02:00+00:00,Austria,0.5243702161125763,1,1,de,WCE,Europe
'3550c99ca4',extremes,Fog,#d60d2b,wmo,Nebel Emilia e Romagna,2025-12-08T03:44:00+00:00,Italy,0.5240381879363138,1,1,de,MED,Europe
'a8a0a1043d',extremes,Storm,#b3b2b1,wmo,Sturm Werdenberg,2025-12-15T03:54:00+00:00,Switzerland,0.5235920387513071,1,1,de,WCE,Europe
'12060a7df7',extremes,Storm,#b3b2b1,wmo,Sturmflut Italien,2025-12-06T03:32:00+00:00,Italy,0.5226782344856378,1,1,de,MED,Europe
'f7a88fba0a',extremes,Fog,#d60d2b,wmo,Nebel Latium,2025-12-14T03:49:00+00:00,Italy,0.5220774998348502,1,1,de,MED,Europe
'cae89f42c2',extremes,Cold Wave,#a7e9fa,wmo,eiskaltes Freistadt,2025-11-27T03:34:00+00:00,Austria,0.5218159494262244,1,1,de,WCE,Europe
'042968096b',extremes,Storm,#b3b2b1,wmo,Sturm Island,2025-12-02T03:41:00+00:00,Iceland,0.5215330809792632,1,2,de,GIC,Europe
'dcf82560b0',extremes,Fog,#d60d2b,wmo,Nebel Lombardei,2025-12-08T03:44:00+00:00,Italy,0.520141776562318,1,1,de,MED,Europe
'51c2ca3328',extremes,Fog,#d60d2b,wmo,Nebel Toskana,2025-12-10T03:45:00+00:00,Italy,0.5197981290053728,1,1,de,MED,Europe
'8fa1b857b6',extremes,Fog,#d60d2b,wmo,Nebel Umbrien,2025-12-13T03:38:00+00:00,Italy,0.519078211697258,1,1,de,MED,Europe
'24ba83a489',extremes,Snow&Ice,#d60d2b,wmo,Lawine im Südosten Islands,2025-11-27T03:34:00+00:00,Iceland,0.5186376582729503,1,1,de,GIC,Europe
'91dad47f99',extremes,Snow&Ice,#d60d2b,wmo,Lawine Deutschland,2025-12-07T03:47:00+00:00,Germany,0.5179728915879314,2,1,de,WCE,Europe
'd39daa58c4',extremes,Storm,#b3b2b1,wmo,Sturmflut im Südosten Islands,2025-11-29T03:34:00+00:00,Iceland,0.5178208334932831,1,1,de,GIC,Europe
'30e79eda20',extremes,Storm,#b3b2b1,wmo,Sturm Südostisland,2025-12-01T04:02:00+00:00,Iceland,0.5171128761858985,1,1,de,GIC,Europe
'4df3594670',extremes,Cold Wave,#a7e9fa,wmo,Kältewelle liezen,2025-11-28T03:34:00+00:00,Austria,0.516736006206587,1,1,de,WCE,Europe
'aeabc35619',extremes,Cold Wave,#a7e9fa,wmo,eiskaltes Murau,2025-11-29T03:34:00+00:00,Austria,0.5164682307857198,1,1,de,WCE,Europe
'6edc218eed',extremes,Snow&Ice,#d60d2b,wmo,Frost Schärding,2025-12-01T04:02:00+00:00,Austria,0.5164282546807462,1,1,de,WCE,Europe
'80712e69d3',extremes,Snow&Ice,#d60d2b,wmo,Frost Salzburg Stadt,2025-12-01T04:02:00+00:00,Austria,0.5163349574064383,1,1,de,WCE,Europe
'9d5914f39c',extremes,Storm,#b3b2b1,wmo,Sturm Südisland,2025-11-30T03:46:00+00:00,Iceland,0.515790281677648,1,1,de,GIC,Europe
'504a6f9634',extremes,Storm,#b3b2b1,wmo,Sturm Erstfeld Engelberg,2025-12-15T03:54:00+00:00,Switzerland,0.5152190595527141,1,1,de,WCE,Europe
'18cd9b37f4',extremes,Snow&Ice,#d60d2b,wmo,Lawine in der Schweiz,2025-12-08T03:44:00+00:00,Switzerland,0.5143458590254932,1,2,de,WCE,Europe
'1ff36d7a46',extremes,Drought,#edc291,edo,Trockenheit Belgien,2025-12-08T03:45:00+00:00,Belgium,0.5135516071414559,1,1,de,WCE,Europe
'd92d2dbe23',extremes,Snow&Ice,#d60d2b,wmo,Eis Italien,2025-12-16T03:47:00+00:00,Italy,0.5131234735375817,1,1,de,MED,Europe
'9e93dbaea9',extremes,Fog,#d60d2b,wmo,Nebel Kampanien,2025-12-11T03:46:00+00:00,Italy,0.5130992410504643,1,1,de,MED,Europe
'8d1767f806',extremes,Storm,#b3b2b1,wmo,Sturmflut Island,2025-12-08T03:44:00+00:00,Iceland,0.5129480141792557,1,1,de,GIC,Europe
'8472a870e0',extremes,Snow&Ice,#d60d2b,wmo,eiskaltes Island,2025-12-10T03:45:00+00:00,Iceland,0.5125857751808045,1,1,de,GIC,Europe
'703b4e32c2',extremes,Thunderstorm,#53785a,wmo,Unwetter Island,2025-12-12T03:45:00+00:00,Iceland,0.5123775032261868,1,1,de,GIC,Europe
'e2082c3612',extremes,Storm,#b3b2b1,wmo,Sturmflut Südisland,2025-12-01T04:02:00+00:00,Iceland,0.5122129174761216,1,1,de,GIC,Europe
'0d9b148c07',extremes,Fog,#d60d2b,wmo,Nebel Antwerpen,2025-12-14T03:49:00+00:00,Belgium,0.5107880710110494,1,1,de,WCE,Europe
'7198046a6d',extremes,Snow&Ice,#d60d2b,wmo,Eis Island,2025-12-18T03:44:00+00:00,Iceland,0.509126096199831,1,1,de,GIC,Europe
'8e5338dae6',extremes,Thunderstorm,#53785a,wmo,Hagel Italien,2025-12-05T03:41:00+00:00,Italy,0.5089005588250364,1,2,de,MED,Europe
'887af33c5b',extremes,Snow&Ice,#d60d2b,wmo,Frost Schweiz,2025-12-08T03:44:00+00:00,Switzerland,0.5046154711554893,1,1,de,WCE,Europe
'468cd6b554',extremes,Storm,#b3b2b1,wmo,Sturmflut Westfjorde,2025-12-10T03:45:00+00:00,Iceland,0.5042543868140319,1,1,de,GIC,Europe
'f2c71932a9',extremes,Snow&Ice,#d60d2b,wmo,Lawine Waidhofen an der Thaya,2025-12-01T04:02:00+00:00,Austria,0.501166410721492,1,1,de,WCE,Europe
'3a8dcca50b',extremes,Snow&Ice,#d60d2b,wmo,eiskaltes Italien,2025-12-15T03:54:00+00:00,Italy,0.4953489446846287,1,1,de,MED,Europe
'a8ca29445f',extremes,Snow&Ice,#d60d2b,wmo,Eis-Urfahr-Umgebung,2025-12-01T04:02:00+00:00,Austria,0.4949543945830998,1,1,de,WCE,Europe
'60fe860e44',extremes,Precipitation,#d60d2b,wmo,Niederschlag Deutschland,2025-12-07T03:47:00+00:00,Germany,0.492284469024728,2,2,de,WCE,Europe
'd4d8b57886',extremes,Storm,#b3b2b1,wmo,Sturmflut Sizilien,2025-12-04T03:42:00+00:00,Italy,0.4881911314818176,1,1,de,MED,Europe
'14ed38a1e4',extremes,Fog,#d60d2b,wmo,Nebelmolise,2025-12-11T03:46:00+00:00,Italy,0.4389358957878287,2,1,de,MED,Europe
'94af5e5960',extremes,Cold Wave,#a7e9fa,wmo,Kältewelle Kremser Land,2025-11-28T03:34:00+00:00,Austria,0.4388189999969275,2,1,de,WCE,Europe
'd992d46997',extremes,Storm,#b3b2b1,wmo,Sturmflut Deutschland,2025-12-10T03:45:00+00:00,Germany,0.4269385446677936,3,1,de,WCE,Europe
'83a8abaa65',extremes,Snow&Ice,#d60d2b,wmo,Lawine Goldau Ã„geri,2025-12-06T03:32:00+00:00,Switzerland,0.4198975370457856,2,1,de,WCE,Europe
